Workbook

Sheet Test Cases
A1: Project Name: OrangeHRM Modules: Login, PIM, Leave / Time Off, Time and Attendance, Recruitment / ATS
A2: Created By: Meghashri Jalankar
A4: Test Case ID | B4: Test Scenario | C4: Test Case Title | D4: Pre-requisites | E4: Test Steps | F4: Test Data | G4: Expected Result | H4: Actual Result | I4: status | J4: Priority
A5: TC_001 | B5: Login | C5: Verify login with valid credentials | D5: User is on the login page | E5: 1. Enter valid username 2. Enter valid password 3. Click Login | F5: Username: Admin Password: admin123 | G5: Dashboard opens successfully | J5: High
A6: TC_002 | B6: Login | C6: Verify login with invalid credentials | D6: User is on the login page | E6: 1. Enter wrong username and password 2. Click Login | F6: Username: abc Password: wrong | G6: Error message is shown | J6: High
A7: TC_003 | B7: Login | C7: Verify login with blank fields | D7: User is on the login page | E7: 1. Leave username and password empty 2. Click Login | F7: Blank | G7: Required field message is shown | J7: Medium
A8: TC_004 | B8: Login | C8: Verify user can navigate to the Admin page | D8: User is logged in | E8: 1. Click Admin in the sidebar | F8: N/A | G8: Admin page opens | J8: Medium
A9: TC_005 | B9: Login | C9: Verify user can log out | D9: User is logged in | E9: 1. Click the profile menu 2. Click Logout | F9: N/A | G9: User is redirected to the login page | J9: High
A10: TC_006 | B10: Login | C10: Verify browser back button behavior | D10: User is logged in | E10: 1. Navigate to PIM 2. Click the browser Back button | F10: N/A | G10: User stays logged in | J10: Medium
A11: TC_007 | B11: Login | C11: Verify application behavior with multiple tabs | D11: User is logged in | E11: 1. Open Admin in a new tab 2. Open PIM in another tab | F11: N/A | G11: System handles multiple tabs correctly | J11: Low
A12: TC_008 | B12: Login | C12: Verify session timeout | D12: User is logged in | E12: 1. Stay idle for an extended period | F12: N/A | G12: Session expires and user is redirected to the login page | J12: Medium
A13: TC_009 | B13: Login | C13: Verify dashboard load on a slow network | D13: User is logged in | E13: 1. Simulate a slow network 2. Load the dashboard | F13: Network: Slow | G13: Application loads without breaking | J13: Low
A14: TC_010 | B14: PIM (Personal Information Management) | C14: Verify user can add an employee | D14: User is logged in and on the PIM page | E14: 1. Click Add 2. Fill in the employee details 3. Click Save | F14: Name: Sara Employee ID: 1101 | G14: Employee is created successfully | J14: High
A15: TC_011 | B15: PIM (Personal Information Management) | C15: Verify user can search for an employee | D15: User is logged in and the employee exists | E15: 1. Open PIM 2. Search by employee name | F15: Name: Sara | G15: Employee is found in the results | J15: High
A16: TC_012 | B16: PIM (Personal Information Management) | C16: Verify search for a non-existing employee | D16: User is logged in and on the PIM page | E16: 1. Open PIM 2. Search for a random employee name | F16: Name: XYZ123 | G16: No Records Found message is shown | J16: Medium
... A35: TC_031 | B35: Recruitment / ATS | C35: Verify user can reject a candidate | D35: User is logged in as Admin and the candidate exists | E35: 1. Open the candidate 2. Click Reject 3. Click Save | F35: Candidate: Rahul Patil | G35: Candidate status changes to Rejected | J35: Medium

Sheet Summary
A1: Test Case Summary by Module
A3: Module | B3: Total | C3: Not Executed | D3: Pass | E3: Fail | F3: Blocked
A4: Login | B4: =COUNTIF('Test Cases'!$B$5:$B$35,A4) -> 9 | C4: =COUNTIFS('Test Cases'!$B$5:$B$35,$A4,'Test Cases'!#REF!,"Not Executed") -> #REF! | D4: =COUNTIFS('Test Cases'!$B$5:$B$35,$A4,'Test Cases'!#REF!,"Pass") -> #REF! | E4: =COUNTIFS('Test Cases'!$B$5:$B$35,$A4,'Test Cases'!#REF!,"Fail") -> #REF! | F4: =COUNTIFS('Test Cases'!$B$5:$B$35,$A4,'Test Cases'!#REF!,"Blocked") -> #REF!
A5: PIM (Personal Information Management) | B5: =COUNTIF('Test Cases'!$B$5:$B$35,A5) -> 5 | C5: =COUNTIFS('Test Cases'!$B$5:$B$35,$A5,'Test Cases'!#REF!,"Not Executed") -> #REF! | D5: =COUNTIFS('Test Cases'!$B$5:$B$35,$A5,'Test Cases'!#REF!,"Pass") -> #REF! | E5: =COUNTIFS('Test Cases'!$B$5:$B$35,$A5,'Test Cases'!#REF!,"Fail") -> #REF! | F5: =COUNTIFS('Test Cases'!$B$5:$B$35,$A5,'Test Cases'!#REF!,"Blocked") -> #REF!
A6: Leave / Time Off | B6: =COUNTIF('Test Cases'!$B$5:$B$35,A6) -> 2 | C6: =COUNTIFS('Test Cases'!$B$5:$B$35,$A6,'Test Cases'!#REF!,"Not Executed") -> #REF! | D6: =COUNTIFS('Test Cases'!$B$5:$B$35,$A6,'Test Cases'!#REF!,"Pass") -> #REF! | E6: =COUNTIFS('Test Cases'!$B$5:$B$35,$A6,'Test Cases'!#REF!,"Fail") -> #REF! | F6: =COUNTIFS('Test Cases'!$B$5:$B$35,$A6,'Test Cases'!#REF!,"Blocked") -> #REF!
A7: Time and Attendance | B7: =COUNTIF('Test Cases'!$B$5:$B$35,A7) -> 7 | C7: =COUNTIFS('Test Cases'!$B$5:$B$35,$A7,'Test Cases'!#REF!,"Not Executed") -> #REF! | D7: =COUNTIFS('Test Cases'!$B$5:$B$35,$A7,'Test Cases'!#REF!,"Pass") -> #REF! | E7: =COUNTIFS('Test Cases'!$B$5:$B$35,$A7,'Test Cases'!#REF!,"Fail") -> #REF! | F7: =COUNTIFS('Test Cases'!$B$5:$B$35,$A7,'Test Cases'!#REF!,"Blocked") -> #REF!
A8: Recruitment / ATS | B8: =COUNTIF('Test Cases'!$B$5:$B$35,A8) -> 8 | C8: =COUNTIFS('Test Cases'!$B$5:$B$35,$A8,'Test Cases'!#REF!,"Not Executed") -> #REF! | D8: =COUNTIFS('Test Cases'!$B$5:$B$35,$A8,'Test Cases'!#REF!,"Pass") -> #REF! | E8: =COUNTIFS('Test Cases'!$B$5:$B$35,$A8,'Test Cases'!#REF!,"Fail") -> #REF! | F8: =COUNTIFS('Test Cases'!$B$5:$B$35,$A8,'Test Cases'!#REF!,"Blocked") -> #REF!
A9: Total | B9: =SUM(B4:B8) -> 31 | C9: =SUM(C4:C8) -> #REF! | D9: =SUM(D4:D8) -> #REF! | E9: =SUM(E4:E8) -> #REF! | F9: =SUM(F4:F8) -> #REF!
A11: Note: Status counts update automatically when the Status column on the Test Cases sheet is changed.
